word_english,translation_portuguese,sentence_english,sentence_portuguese,date
Unwrap,Desembrulhar,I'll unwrap the present.,Vou desembrulhar o presente.,2026-01-22
Caretaker,Zelador,The building's caretaker became a hero when he rescued his neighbor's cat stuck in the elevator and even fixed the hallway light.,O zelador do prédio virou herói quando resgatou o gato da vizinha preso no elevador e ainda consertou a luz do corredor.,2026-01-22
Follow,Seguinte,"The following day, we started the project with a quick meeting.","No dia seguinte, começamos o projeto com uma reunião rápida.",2026-01-22
Proof,Comprovativo,Keep the proof of payment to show at the front desk.,Guarde o comprovativo (no Brasil: comprovante) do pagamento para apresentar na recepção.,2026-01-22
Freckles,Sardas,She has freckles on her nose and looks beautiful in photos.,Ela tem sardas no nariz e fica linda nas fotos.,2026-01-22
Finish,Remate,"At the finish of the project, we made the final design tweaks.","No remate do projeto, fizemos os últimos ajustes de design.",2026-01-22
To receive,Receber,I will receive my salary tomorrow.,Vou receber meu salário amanhã.,2026-01-22
Package,Pacote,"The package arrived dented, but the product was intact.","O pacote chegou amassado, mas o produto estava intacto.",2026-01-22
Order,Encomenda,My order was shipped and should arrive by Friday.,Minha encomenda foi enviada e deve chegar até sexta.,2026-01-22
Weighting scale,Balança,I put the backpack on the airport scale to check the weight.,Coloquei a mochila na balança do aeroporto para conferir o peso.,2026-01-22
Delivery date,Data de entrega,The expected delivery date of your order is October 12.,A data de entrega prevista da sua encomenda é 12 de outubro.,2026-01-22
Dishcloth,Pano de prato,I used a clean dish towel to dry the glasses.,Pano de prato: Usei um pano de prato limpo para secar os copos.,2026-01-22
Underwear,Roupa de baixo,I used a clean dish towel to dry the glasses.,Roupa de baixo: Não esqueça de levar roupa de baixo extra para a viagem.,2026-01-22
Nail scissors,Tesoura de unhas,I used nail scissors to trim a broken tip without cutting myself.,Usei a tesoura de unhas para aparar uma pontinha quebrada sem me cortar.,2026-01-22
Large black belt,Cinto largo preto,I tightened the large black belt to fit the pants.,Cinto largo preto: Apertei o cinto largo preto para ajustar a calça.,2026-01-22
Blue suit,Fato azul,He is going to the wedding wearing an elegant blue suit.,Ele vai ao casamento usando um fato azul elegante.,2026-01-22
Blue jacket,Jaqueta azul,My blue jacket is lightweight and windproof.,Minha jaqueta azul é leve e à prova de vento.,2026-01-22
Survey,Levantamento,The card can only be withdrawn upon presentation of the holder's identification document or a copy accompanied by this proof.,O levantamento do cartao apenas pode ser efetuado mediante a apresentacao do documento de identificacao do titular ou copia acompanhado do presente comprovativo.,2026-01-22
Cotton,Algodão,I used cotton to clean the wound before putting on the bandage.,Usei algodão para limpar o ferimento antes de colocar o curativo.,2026-01-22
Groceries,Compras de supermercado,<div>I need to do the groceries tonight for the week.<br>,Preciso fazer as compras de supermercado hoje à noite para a semana.,2026-01-22
Groceries (more formal),Mantimentos,"I need to restock the household provisions, like rice, beans, coffee, and oil.","Preciso repor os mantimentos de casa, como arroz, feijão, café e óleo.",2026-01-22
Cereal box,Caixa de cereal,The cereal box is almost empty; I’ll buy another one of cornflakes.,A caixa de cereal está quase vazia; vou comprar outra de flocos de milho.,2026-01-22
Coffee jar,Pote para café,I keep the coffee in a coffee jar on the counter for everyday use.,Deixo o café em um pote para café sobre a bancada para usar no dia a dia.,2026-01-22
Drink coasters,Bolacha de chope,I grabbed a beer coaster so the cold glass wouldn’t wet the table.,Peguei uma bolacha de chope para não molhar a mesa com o copo gelado.,2026-01-22
Phantom,Fantasma,He saw a ghost in the old house.,Ele viu um fantasma na casa antiga.,2026-01-22
unwrap,desembrulhar,I’ll unwrap the present.,Vou desembrulhar o presente.,2026-01-22
deny,negar,"He denied having attended the meeting, but the attendance record proved otherwise.","Ele negou ter participado da reunião, mas o registro de presença provou o contrário.",2026-01-22
grave,túmulo,We left flowers on my grandparents’ grave on All Souls’ Day.,Deixamos flores no túmulo dos meus avós no Dia de Finados.,2026-01-22
prevent,Impedir,Heavy rain prevented the flight from taking off.,A chuva forte impediu o voo de decolar.,2026-01-22
funds,Empecilho,The lack of funds is an obstacle to the project.,A falta de verba é um empecilho para o projeto.,2026-01-22
Ghost,Fantasma,He saw a ghost in the old house.,Ele viu um fantasma na casa antiga.,2026-01-22
window,janela,I opened the window to air the room after cooking.,Abri a janela para arejar a sala depois de cozinhar.,2026-01-22
mobile phone,telemóvel,I forgot my mobile phone at home and went back to get it before work.,Esqueci-me do telemóvel em casa e voltei a buscá-lo antes do trabalho.,2026-01-22
schedule,marcar,We need to schedule a meeting to align the plan for the next weeks.,Precisamos de marcar uma reunião para alinhar o plano das próximas semanas.,2026-01-22
invoice,fatura,The invoice for the purchase arrived by email and I need to pay it.,A fatura da compra chegou por e-mail e eu preciso pagá-la.,2026-01-22
reed,palha,The reed is an important part of the wind instrument.,A palha é uma parte importante do instrumento de sopro.,2026-01-22
mouthpiece,boquilha,The mouthpiece is where we place our lips to play the instrument.,A boquilha é onde colocamos os lábios para tocar o instrumento.,2026-01-22
improvisation,improvisação,Improvisation is an essential skill for many musicians.,A improvisação é uma habilidade essencial para muitos músicos.,2026-01-22
deadline,prazo,The deadline to submit the project is next Friday.,O prazo para entregar o projeto é na próxima sexta-feira.,2026-01-22
paperclip,clipe de papel,Use a paperclip to keep the documents together.,Use um clipe de papel para manter os documentos juntos.,2026-01-22
stapler,grampeador,"The stapler is on the table, next to the computer.","O grampeador está na mesa, ao lado do computador.",2026-01-22
hedgehog,ouriço,The hedgehog is a small animal that lives in gardens.,O ouriço é um animal pequeno que vive em jardins.,2026-01-22
feedback,feedback,The feedback I received was very helpful to improve my work.,O feedback que recebi foi muito útil para melhorar o meu trabalho.,2026-01-22
swearing,palavrões,"Avoid swearing in public, it's disrespectful.","Evita usar palavrões em público, é falta de respeito.",2026-01-22
control,controlo,It is important to have control over your emotions in difficult situations.,É importante ter controlo sobre as suas emoções em situações difíceis.,2026-01-22
corkscrew,saca-rolhas,The corkscrew is necessary to open a bottle of wine.,O saca-rolhas é necessário para abrir uma garrafa de vinho.,2026-01-22
blueprint,plano,The blueprint of the house was drawn by a famous architect.,O plano da casa foi desenhado por um arquiteto famoso.,2026-01-22
raincoat,capa de chuva,"Take the raincoat, as the weather is uncertain today.","Leva a capa de chuva, pois o tempo está incerto hoje.",2026-01-22
pencil,lápis,I use a pencil to write my notes in class.,Eu uso um lápis para escrever as minhas notas na aula.,2026-01-22
envelope,envelope,The postman left an envelope in my mailbox.,O carteiro deixou um envelope na minha caixa de correio.,2026-01-22
bicycle tire,pneu de bicicleta,The bicycle tire needs air to work well.,O pneu de bicicleta precisa de ar para funcionar bem.,2026-01-22
blanket,cobertor,The blanket is warm and comfortable for winter.,O cobertor é quente e confortável para o inverno.,2026-01-22
shoelace,cadarço,My shoelace is undone and I need to tie it again.,O meu cadarço está desfeito e preciso de o atar novamente.,2026-01-22
wallet,carteira,I keep my money in the wallet I bought yesterday.,Eu guardo o meu dinheiro na carteira que comprei ontem.,2026-01-22
tipsy,bêbado,"After a few drinks, he got a bit tipsy at the party.","Depois de algumas bebidas, ele ficou um pouco bêbado na festa.",2026-01-22
soap,sabão,Soap is essential for personal hygiene and keeping the house clean.,O sabão é essencial para manter a higiene pessoal e a limpeza da casa.,2026-01-22
erection,ereção,Erection is a natural process that occurs in the male body during arousal.,A ereção é um processo natural que ocorre no corpo masculino durante a excitação.,2026-01-22
fraternity,fraternidade,Fraternity is important for the unity among students.,A fraternidade é importante para a união entre os estudantes.,2026-01-22
testing,teste,"The testing was difficult, but I managed to pass.","O teste foi difícil, mas consegui passar.",2026-01-22
bachelor,bacharelato,The bachelor’s degree is an important step in higher education.,O bacharelato é um passo importante na educação superior.,2026-01-22
Fierce fight,luta feroz,The fierce fight between the two teams was exciting to watch.,A luta feroz entre os dois times foi emocionante de assistir.,2026-01-22
rover,vagabundo,The rover explored the city all day long.,O vagabundo explorou a cidade durante todo o dia.,2026-01-22
empty,vazio,"The box was empty, with nothing inside.","A caixa estava vazia, sem nada dentro.",2026-01-22
Shake,agitar,He started to shake the bottle to mix the ingredients.,Ele começou a agitar a garrafa para misturar os ingredientes.,2026-01-22
maid,empregada,The maid cleaned the house before the party.,A empregada limpou a casa antes da festa.,2026-01-22
Cheating,trapaça,Cheating on exams is a serious problem in schools.,A trapaça nos exames é um problema sério nas escolas.,2026-01-22
Commute,deslocar,My commute to work takes about an hour.,O meu deslocar para o trabalho leva cerca de uma hora.,2026-01-22
Moisture,humidade,The moisture in the air can cause discomfort during summer.,A humidade no ar pode causar desconforto durante o verão.,2026-01-22
herbs,ervas,Herbs are important for adding flavor to dishes.,As ervas são importantes para dar sabor aos pratos.,2026-01-22
wrestling,lutar,Wrestling is a sport that involves strength and technique.,O wrestling é um desporto que envolve força e técnica.,2026-01-22
wrestling,wrestling,Wrestling is a sport that involves strength and technique.,O wrestling é um desporto que envolve força e técnica.,2026-01-22
look,olhar,Looking at the sky at night is always fascinating.,Olhar para o céu à noite é sempre fascinante.,2026-01-22
to add deodorant in the shopping basket,adicionar desodorizante ao cesto de compras,It's important to add deodorant to the shopping basket for everyday use.,É importante adicionar desodorizante ao cesto de compras para o dia a dia.,2026-01-22
umbrella,guarda-chuva,"When it started to rain, I grabbed my umbrella to avoid getting wet on the way.","Quando começou a chover, peguei no meu guarda-chuva para não me molhar durante o caminho.",2026-01-22
pharmacist,farmacêutico,The pharmacist explained to me in detail how to take the prescribed medications for my health condition.,O farmacêutico explicou-me detalhadamente como tomar os medicamentos prescritos para a minha condição de saúde.,2026-01-22
screwdriver,chave de fendas,The screwdriver is an essential tool for assembling and disassembling furniture at home.,A chave de fendas é uma ferramenta essencial para montar e desmontar móveis em casa.,2026-01-22
sunrise,nascer do sol,The sunrise is a spectacle that many appreciate for its beauty and morning tranquility.,O nascer do sol é um espetáculo que muitos apreciam pela sua beleza e tranquilidade matinal.,2026-01-22
cut to the chase,ir direto ao assunto,Let's cut to the chase and discuss what really matters in this meeting.,Vamos ir direto ao assunto e discutir o que realmente importa nesta reunião.,2026-01-22
off the cuff,de improviso,He gave an off-the-cuff speech that surprised everyone with its eloquence and sincerity.,Ele fez um discurso de improviso que surpreendeu a todos pela sua eloquência e sinceridade.,2026-01-22
on second thought,a segunda vista,"On second thought, perhaps we should reconsider our decision about the holiday trip.","A segunda vista, talvez devêssemos reconsiderar a nossa decisão sobre a viagem de férias.",2026-01-22
foot,pé,"After a long walk, my foot started to hurt and I needed to rest for a while.","Após uma longa caminhada, o meu pé começou a doer e precisei de descansar um pouco.",2026-01-22
umbrella policy,apólice de responsabilidade civil,An umbrella policy provides additional coverage that protects against unexpected and high risks.,Uma apólice de responsabilidade civil oferece uma cobertura adicional que protege contra riscos inesperados e elevados.,2026-01-22
grain,grão,Wheat grain is essential for the production of bread and other staple foods in the Portuguese diet.,O grão de trigo é essencial para a produção de pão e outros alimentos básicos na dieta portuguesa.,2026-01-22
rule of thumb,regra prática,"A rule of thumb that many follow is that, for cooking, it's better to use fresh ingredients whenever possible.","Uma regra prática que muitos seguem é que, para cozinhar, é melhor usar ingredientes frescos sempre que possível.",2026-01-22
split hairs,dividir cabelos,It's not worth splitting hairs over such trivial matters when we have more important issues to address.,Não vale a pena dividir cabelos sobre questões tão triviais quando temos problemas mais importantes para resolver.,2026-01-22
loose,solto,"The dog was loose in the park, running freely and playing with the children who were there.","O cão estava solto no parque, correndo livremente e brincando com as crianças que lá estavam.",2026-01-22
under the weather,indisposto,"Today I feel a bit under the weather, perhaps because of the cold and rainy weather we've been having.","Hoje sinto-me um pouco indisposto, talvez seja por causa do tempo frio e chuvoso que temos tido.",2026-01-22
running,corrida,Running is an excellent way to maintain health and physical well-being over time.,A corrida é uma excelente forma de manter a saúde e o bem-estar físico ao longo do tempo.,2026-01-22
red tape,burocracia,Excessive red tape can delay important projects and demotivate the employees involved in the process.,A burocracia excessiva pode atrasar projetos importantes e desmotivar os colaboradores envolvidos no processo.,2026-01-22
practice exam,exame prático,I took a practice exam to better prepare for the final exam of the medical course.,Fiz um exame prático para me preparar melhor para o exame final do curso de medicina.,2026-01-22
fight,lutar,It is important to fight for our rights and not give up in the face of the difficulties that arise.,É importante lutar pelos nossos direitos e não desistir diante das dificuldades que surgem.,2026-01-22
romantic date,encontro romântico,A romantic date by candlelight can be the perfect way to surprise your significant other.,Um encontro romântico à luz das velas pode ser a maneira perfeita de surpreender a sua cara-metade.,2026-01-22
print,imprimir,It is important to print all documents before the meeting to ensure nothing essential is missing.,É importante imprimir todos os documentos antes da reunião para garantir que não falte nada essencial.,2026-01-22
overwhelming,avassalador,The overwhelming feeling of joy took over everyone at the surprise birthday party.,A sensação avassaladora de alegria tomou conta de todos na festa de aniversário surpresa.,2026-01-22
File,Arquivo,The file you need for the project is in the folder I sent you last night.,O arquivo que você precisa para o projeto está na pasta que lhe enviei ontem à noite.,2026-01-22
Scandal,Escândalo,The scandal involving local politics sparked a wave of outrage among the citizens.,O escândalo que envolveu a política local gerou uma onda de indignação entre os cidadãos.,2026-01-22
wasp,vespa,The wasp is an insect that can be quite aggressive when it feels threatened.,A vespa é um inseto que pode ser bastante agressivo quando se sente ameaçado.,2026-01-22
spatula,espátula,The spatula is an essential tool in the kitchen for flipping and serving food with ease.,A espátula é uma ferramenta essencial na cozinha para virar e servir alimentos com facilidade.,2026-01-22
lagoon,laguna,The lagoon is a fascinating ecosystem that hosts an incredible diversity of marine life and birds.,A laguna é um ecossistema fascinante que abriga uma diversidade incrível de vida marinha e aves.,2026-01-22
radiator,radiador,"The living room radiator does not heat enough, making the environment uncomfortable during winter.","O radiador da sala não aquece o suficiente, o que torna o ambiente desconfortável durante o inverno.",2026-01-22
meadow,prado,"The meadow, covered in wildflowers, was a perfect spot for a family picnic.","O prado, coberto de flores silvestres, era um lugar perfeito para um piquenique em família.",2026-01-22
Suspected,Suspeito,The man was deemed a suspect after the investigation revealed new incriminating evidence.,O homem foi considerado suspeito após a investigação revelar novas evidências incriminatórias.,2026-01-22
Coding standards,Normas de codificação,Coding standards are essential to ensure the quality and long-term maintenance of software.,As normas de codificação são essenciais para garantir a qualidade e a manutenção do software a longo prazo.,2026-01-22
computer mouse,rato de computador,The computer mouse is an essential tool for efficient navigation in any modern operating system.,O rato de computador é uma ferramenta essencial para a navegação eficiente em qualquer sistema operativo moderno.,2026-01-22
Euro bill,nota de euro,The euro bill is widely used in commercial transactions throughout the eurozone.,A nota de euro é amplamente utilizada em transações comerciais em toda a zona euro.,2026-01-22
Coins,Moedas,Coins are a widely used medium of exchange in daily transactions around the world.,As moedas são um meio de troca muito utilizado em transações diárias em todo o mundo.,2026-01-22
Makeup,Maquilhagem,The makeup she wore to the party enhanced her natural and charming beauty even more.,A maquilhagem que ela usou para a festa realçou ainda mais a sua beleza natural e encantadora.,2026-01-22
Conversation,Conversa,"The conversation between the two friends lasted for hours, filled with laughter and memories from the past.","A conversa entre os dois amigos durou horas, cheia de risos e recordações do passado.",2026-01-22
Interview,Entrevista,"The job interview was quite challenging, but I feel that I did well on the questions.","A entrevista para o emprego foi bastante desafiadora, mas sinto que me saí bem nas perguntas.",2026-01-22
contagious,contagiante,Her joy was so contagious that it quickly spread throughout the room.,A alegria dela era tão contagiante que rapidamente se espalhou por toda a sala.,2026-01-22
Storm,Tempestade,"The approaching storm promised to wreak havoc across the region, with strong winds and heavy rain.","A tempestade que se aproximava prometia causar estragos em toda a região, com ventos fortes e chuvas intensas.",2026-01-22
Murderer,Assassino,The murderer was finally caught by the police after a lengthy investigation that lasted months.,O assassino foi finalmente apanhado pela polícia após uma longa investigação que durou meses.,2026-01-22
fontsize,tamanho da fonte,"Fontsize is a crucial element in graphic design, as it affects the readability of the displayed text.","O tamanho da fonte é um elemento crucial no design gráfico, pois afeta a legibilidade do texto apresentado.",2026-01-22
Ready,Pronto,I am ready to face any challenge that comes my way today.,Estou pronto para enfrentar qualquer desafio que surja no meu caminho hoje.,2026-01-22
perhaps,se calhar,Perhaps we should consider other options before making a final decision about the project.,"Se calhar, deveríamos considerar outras opções antes de tomarmos uma decisão final sobre o projeto.",2026-01-22
finally,enfim,"Finally, after so much waiting, we were able to find a solution to the problem that was affecting us.","Enfim, depois de tanta espera, conseguimos finalmente encontrar uma solução para o problema que nos afetava.",2026-01-22
apparently,aparentemente,"Apparently, the meeting was postponed due to an unforeseen event that no one expected.","Aparentemente, a reunião foi adiada devido a um imprevisto que ninguém esperava.",2026-01-22
I realized,percebi,"I realized that, despite the difficulties, it was important to stay calm and find viable solutions.","Percebi que, apesar das dificuldades, era importante manter a calma e encontrar soluções viáveis.",2026-01-22
happen,acontecer,"It is important to be prepared for what may happen, even if we cannot predict the future.","É importante estar preparado para o que pode acontecer, mesmo que não possamos prever o futuro.",2026-01-22
to take,levar,It is important to take into account the opinions of others before making a final decision.,É importante levar em consideração as opiniões dos outros antes de tomar uma decisão final.,2026-01-22
by chance,por acaso,"By chance, I found an old book that I had been looking for a long time in the bookstore.","Por acaso, encontrei um livro antigo que estava à procura há muito tempo na livraria.",2026-01-22
Indeed,Pois,"Indeed, if we are not careful, we can easily lose focus on our daily priorities.","Pois, se não tivermos cuidado, podemos facilmente perder o foco nas nossas prioridades diárias.",2026-01-22
Rape,Estupro,Rape is a horrific crime that causes deep trauma to victims and should be severely punished by law.,O estupro é um crime horrendo que causa traumas profundos nas vítimas e deve ser severamente punido pela lei.,2026-01-22
Killer,Assassino,The killer was finally caught by the police after a lengthy investigation that lasted months.,O assassino foi finalmente apanhado pela polícia após uma longa investigação que durou meses.,2026-01-22
I burned myself,queimei-me,"Yesterday, while cooking, I burned myself on the oven and felt a sharp pain in my hand.","Ontem, enquanto cozinhava, queimei-me com o forno e senti uma dor intensa na mão.",2026-01-22
Notebook,Caderno,The notebook I bought for classes is very nice and has lined pages.,O caderno que comprei para as aulas é muito bonito e tem páginas pautadas.,2026-01-22
My opinion,A minha opinião,"In my opinion, we should consider all options before making a final decision.",A minha opinião é que devemos considerar todas as opções antes de tomar uma decisão final.,2026-01-22
My arguments,Os meus argumentos,My arguments are based on solid evidence and are presented clearly and coherently.,Os meus argumentos são fundamentados em evidências sólidas e são apresentados de forma clara e coerente.,2026-01-22
maybe,se calhar,Maybe we should reconsider our approach to solving this complex problem more effectively.,"Se calhar, devemos reconsiderar a nossa abordagem para resolver este problema complexo de forma mais eficaz.",2026-01-22
source,fonte,The source of information we used was extremely reliable and well-documented over the years.,A fonte de informação que utilizamos era extremamente confiável e bem documentada ao longo dos anos.,2026-01-22
Heating up,Aquecimento,Global warming is a pressing issue that requires our immediate attention and concrete actions.,O aquecimento global é uma questão premente que exige a nossa atenção imediata e ações concretas.,2026-01-22
Charger,Carregador,"The charger for my phone broke, and I need to buy a new one quickly.",O carregador do meu telemóvel avariou-se e preciso de comprar um novo rapidamente.,2026-01-22
Soundbox,caixa de som,The soundbox I bought has exceptional audio quality and is perfect for parties.,A caixa de som que comprei tem uma qualidade de áudio excepcional e é perfeita para festas.,2026-01-22
Rename,Renomear,We decided to rename the project to better reflect its goals and vision.,Decidimos renomear o projeto para refletir melhor os seus objetivos e a sua visão.,2026-01-22
Worried,Preocupado,"He was worried about the future, especially with the uncertainties that life had in store for him.","Ele estava preocupado com o futuro, especialmente com as incertezas que a vida lhe reservava.",2026-01-22
lifeless,sem vida,"The landscape looked completely lifeless, as if time had stopped in that remote and forgotten place.","A paisagem parecia completamente sem vida, como se o tempo tivesse parado naquele lugar remoto e esquecido.",2026-01-22
proximity,proximidade,The proximity between the two cities facilitates cultural exchange and mutual economic development.,A proximidade entre as duas cidades facilita a troca cultural e o desenvolvimento económico mútuo.,2026-01-22
Bench press,Supino,The bench press is a fundamental exercise for developing upper body and arm strength in weightlifting.,O supino é um exercício fundamental para desenvolver a força do tronco e dos braços na musculação.,2026-01-22
Squad,Esquadrão,The elite squad was assigned to the most dangerous mission of the last decade.,O esquadrão de elite foi destacado para a missão mais perigosa da última década.,2026-01-22
squat,agachamento,The squat is a fundamental exercise for strengthening the legs and improving body posture.,O agachamento é um exercício fundamental para fortalecer as pernas e melhorar a postura corporal.,2026-01-22
Deadlift,Levantamento Terra,The deadlift is a fundamental exercise for developing strength and muscle mass throughout the body.,O levantamento terra é um exercício fundamental para desenvolver força e massa muscular em todo o corpo.,2026-01-22
That's it,É isso,"When we finally found the solution, I looked at my colleagues and said, 'That's it!'","Quando finalmente encontramos a solução, olhei para os meus colegas e disse: 'É isso!'",2026-01-22
to engage in conversation,meter conversa,He always tries to engage in conversation with strangers to make new friends and socialize more.,Ele sempre tenta meter conversa com estranhos para fazer novos amigos e socializar mais.,2026-01-22
to postpone,adiar,We decided to postpone the meeting to next week due to scheduling conflicts among the participants.,Decidimos adiar a reunião para a próxima semana devido a conflitos de agenda entre os participantes.,2026-01-22
asshole,idiota,He is a real asshole for treating others with such a lack of respect and consideration.,Ele é um verdadeiro idiota por ter tratado os outros com tanta falta de respeito e consideração.,2026-01-22
Cocksucker,Chupador,"Although the word 'cocksucker' is often used pejoratively, it can have varied meanings in different contexts.","Embora a palavra 'chupador' seja frequentemente usada de forma pejorativa, pode ter significados variados em contextos diferentes.",2026-01-22
retard,atrasar,The delay in the project's delivery was caused by unforeseen issues in the production of the necessary materials.,O atraso na entrega do projeto foi causado por problemas imprevistos na produção dos materiais necessários.,2026-01-22
Gambling,Jogos de azar,Gambling can lead to serious financial consequences if not practiced responsibly.,Os jogos de azar podem levar a consequências financeiras graves se não forem praticados com responsabilidade.,2026-01-22
Launch,Lançar,The company decided to launch a new product that promises to revolutionize the current market.,A empresa decidiu lançar um novo produto que promete revolucionar o mercado atual.,2026-01-22
Embedding,Incorporação,The embedding of new technologies in education can transform how students learn and interact.,A incorporação de novas tecnologias na educação pode transformar a forma como os alunos aprendem e interagem.,2026-01-22
Experiment,Experimento,The experiment conducted at the university revealed surprising results about human behavior in stressful situations.,O experimento realizado na universidade revelou resultados surpreendentes sobre o comportamento humano em situações de stress.,2026-01-22
As in,Como em,The expression 'as in' is often used to introduce examples or comparisons in Portuguese.,A expressão 'como em' é frequentemente utilizada para introduzir exemplos ou comparações em português.,2026-01-22
Ship-first,Navio-primeiro,The 'ship-first' approach is essential for optimizing logistics in maritime cargo transport.,A abordagem 'navio-primeiro' é fundamental para otimizar a logística no transporte marítimo de mercadorias.,2026-01-22
Pitfall,Armadilha,It is important to be aware of the pitfalls that may arise along the path to professional success.,É importante estar ciente das armadilhas que podem surgir ao longo do caminho para o sucesso profissional.,2026-01-22
Pushing,Empurrar,Pushing the boundaries of knowledge is essential for the progress of science and technology.,Empurrar as fronteiras do conhecimento é essencial para o progresso da ciência e da tecnologia.,2026-01-22
Rubber stamp,Carimbo,The rubber stamp we use in the company is essential for authenticating official documents and ensuring their validity.,O carimbo que utilizamos na empresa é essencial para autenticar documentos oficiais e garantir a sua validade.,2026-01-22
Ideation,Ideação,Ideation is a crucial process for developing innovative solutions in any business area.,A ideação é um processo crucial para o desenvolvimento de soluções inovadoras em qualquer área de negócio.,2026-01-22
better,melhor,Constant practice is the key to becoming better at any skill we wish to develop.,A prática constante é a chave para se tornar melhor em qualquer habilidade que desejamos desenvolver.,2026-01-22
Draft beer,Cerveja de pressão,"In the summer, I enjoy relaxing on a terrace with a nice cold draft beer.","No verão, gosto de relaxar numa esplanada com uma cerveja de pressão bem gelada.",2026-01-22
to lose,perder,"It is essential to learn to cope with the possibility of losing, as it is part of life and personal growth.","É fundamental aprender a lidar com a possibilidade de perder, pois faz parte da vida e do crescimento pessoal.",2026-01-22
More or less,Mais ou menos,"The situation is more or less under control, but we still need to stay alert for possible changes.","A situação está, mais ou menos, sob controlo, mas ainda precisamos de estar atentos a possíveis mudanças.",2026-01-22
A country boy,Um rapaz do campo,A country boy usually has a special connection with nature and rural life.,Um rapaz do campo geralmente tem uma ligação especial com a natureza e a vida rural.,2026-01-22
Funny riddle,Enigma engraçado,A funny riddle can be a great way to lighten up a conversation among friends.,Um enigma engraçado pode ser uma excelente forma de animar uma conversa entre amigos.,2026-01-22
Rusty,Enferrujado,The car was so rusty that it looked like it had been abandoned in the garage for years.,O carro estava tão enferrujado que parecia ter estado abandonado durante anos na garagem.,2026-01-22
tea pot,bule,The ceramic teapot I bought is perfect for making good tea for my friends.,O bule de cerâmica que comprei é perfeito para preparar um bom chá para os meus amigos.,2026-01-22
placer,placer,The term placer is used to describe a location where valuable mineral deposits are found.,O placer é um termo utilizado para descrever um local onde se encontram depósitos de minerais valiosos.,2026-01-22
a brawl,uma briga,The brawl that occurred at the party left all the guests in a state of shock and concern.,A briga que ocorreu na festa deixou todos os convidados em estado de choque e preocupação.,2026-01-22
a quarrel,uma discussão,The quarrel between the two friends became so intense that it almost affected their friendship.,A discussão entre os dois amigos tornou-se tão intensa que quase afetou a sua amizade.,2026-01-22
Worrying,Preocupante,The current economic situation is truly worrying and requires careful analysis by the competent authorities.,A situação económica atual é realmente preocupante e exige uma análise cuidadosa por parte das autoridades competentes.,2026-01-22
Doubting,Duvidando,"Doubting his abilities, he hesitated to accept the challenge that was presented to him.","Duvidando das suas capacidades, ele hesitou em aceitar o desafio que lhe foi proposto.",2026-01-22
Storage,Armazenamento,Efficient data storage is crucial for the operation of any modern computer system.,O armazenamento eficiente de dados é crucial para o funcionamento de qualquer sistema informático moderno.,2026-01-22
to pay interest,pagar juros,"It is important to know that by paying interest, we are increasing the total cost of the loan.","É importante saber que, ao pagar juros, estamos a aumentar o custo total do empréstimo.",2026-01-22
Overweight,Sobrepeso,Overweight is a growing problem that affects the health of many people worldwide.,O sobrepeso é um problema crescente que afeta a saúde de muitas pessoas em todo o mundo.,2026-01-22
Sweating,Suor,"Excessive sweating can be uncomfortable, but it is a natural response of the body to elevated temperatures.","O suor excessivo pode ser desconfortável, mas é uma resposta natural do corpo à temperatura elevada.",2026-01-22
Whistling,Assobio,The whistling of the wind through the trees creates a magical atmosphere at night.,O assobio do vento entre as árvores cria uma atmosfera mágica durante a noite.,2026-01-22
the narrator,a narradora,The narrator of the book has a unique way of telling stories that captivates readers from the very first page.,A narradora do livro tem uma forma única de contar histórias que cativa os leitores desde a primeira página.,2026-01-22
Phone hacking,Hacking de telemóveis,Phone hacking is an illegal practice that can compromise people's privacy.,O hacking de telemóveis é uma prática ilegal que pode comprometer a privacidade das pessoas.,2026-01-22
Bushes,Arbustos,The bushes in the garden need to be pruned regularly to maintain their shape and health.,Os arbustos no jardim precisam de ser podados regularmente para manter a sua forma e saúde.,2026-01-22
rotten teeth,dentes podres,Rotten teeth can cause serious oral health issues and affect people's self-esteem.,Os dentes podres podem causar problemas sérios de saúde bucal e afetar a autoestima das pessoas.,2026-01-22
street,rua,"The street where I live is quite busy, especially during the rush hours in the morning and afternoon.","A rua onde moro é bastante movimentada, especialmente durante as horas de ponta da manhã e da tarde.",2026-01-22
Format,Formato,The format of the document must be adjusted to ensure the best possible presentation of the data.,O formato do documento deve ser ajustado para garantir a melhor apresentação possível dos dados.,2026-01-22
Backward,Para trás,"He looked backward before crossing the road, ensuring that no car was coming.","Ele olhou para trás antes de atravessar a estrada, garantindo que não vinha nenhum carro.",2026-01-22
Software architectural diagram,Diagrama arquitetónico de software,A software architectural diagram is essential for understanding the structure and components of a complex system.,Um diagrama arquitetónico de software é essencial para compreender a estrutura e os componentes de um sistema complexo.,2026-01-22
Schedule,Agenda,The meeting's schedule was carefully crafted to ensure that all topics were addressed effectively.,A agenda da reunião foi cuidadosamente elaborada para garantir que todos os tópicos fossem abordados de forma eficaz.,2026-01-22
gamechanger,mudança de jogo,The new technology we are developing could be a true gamechanger for the automotive industry.,A nova tecnologia que estamos a desenvolver pode ser uma verdadeira mudança de jogo para a indústria automóvel.,2026-01-22
parish,freguesia,The parish where I live has a very close-knit community and various cultural activities throughout the year.,A freguesia onde vivo tem uma comunidade muito unida e várias atividades culturais ao longo do ano.,2026-01-22
Leftovers,Sobras,"The leftovers from last night's dinner were saved for today's lunch, avoiding food waste.","As sobras do jantar de ontem foram guardadas para o almoço de hoje, evitando desperdício de comida.",2026-01-22
giggles,risadinhas,"The children's giggles echoed through the park, bringing joy to everyone who passed by.","As risadinhas das crianças ecoavam pelo parque, trazendo alegria a todos os que passavam por ali.",2026-01-22
to give up,desistir,"It is important not to give up on our dreams, even when we face unexpected difficulties along the way.","É importante não desistir dos nossos sonhos, mesmo quando enfrentamos dificuldades inesperadas ao longo do caminho.",2026-01-22
staff,pessoal,The staff at the company has been working hard to meet the deadlines set by the client.,O pessoal da empresa tem trabalhado arduamente para cumprir os prazos estabelecidos pelo cliente.,2026-01-22
taxpayer,contribuinte,The taxpayer must be aware of their tax obligations to avoid issues with the Tax Authority.,O contribuinte deve estar ciente das suas obrigações fiscais para evitar problemas com a Autoridade Tributária.,2026-01-22
mocked,zoado,"He was mocked by his classmates at school, but he learned to handle the situation maturely.","Ele foi zoado pelos colegas na escola, mas aprendeu a lidar com a situação de forma madura.",2026-01-22
must have been,deve ter sido,"The situation must have been very complicated, but they managed to resolve everything calmly and efficiently.","A situação deve ter sido muito complicada, mas eles conseguiram resolver tudo com calma e eficiência.",2026-01-22
poor thing,coitado,"The poor thing of a boy has had no luck at all in the past few weeks, always facing unexpected difficulties.","O coitado do rapaz não teve sorte nenhuma nas últimas semanas, sempre a enfrentar dificuldades inesperadas.",2026-01-22
Courgette,Courgette,The courgette is a versatile ingredient that can be used in various healthy and tasty recipes.,A courgette é um ingrediente versátil que pode ser utilizado em diversas receitas saudáveis e saborosas.,2026-01-22
gossiping,a falar mal,"People are talking badly about each other, spreading rumors that can be harmful.","As pessoas estão a falar mal umas das outras, espalhando rumores que podem ser prejudiciais.",2026-01-22
News,Notícias,Today's news is full of interesting information about what is happening in the world.,As notícias de hoje estão cheias de informações interessantes sobre o que se passa no mundo.,2026-01-22
Belief,Crença,Belief in oneself is fundamental to achieving your goals in life.,A crença em si mesmo é fundamental para alcançar os teus objetivos na vida.,2026-01-22
slyly,malandramente,"He smiled slyly, knowing he had a trick up his sleeve to fool others.","Ele sorriu malandramente, sabendo que tinha um truque na manga para enganar os outros.",2026-01-22
sobbing,a chorar,"She was sobbing on the couch, feeling utterly devastated by the situation.","Ela estava a chorar no sofá, sentindo-se completamente desolada pela situação.",2026-01-22
refine,refinar,It is important to refine your skills to stand out in the job market.,É importante refinar as tuas habilidades para te destacares no mercado de trabalho.,2026-01-22
Fatigue,Fadiga,"After a long day at work, fatigue starts to set in.","Depois de um longo dia de trabalho, a fadiga começa a fazer-se sentir.",2026-01-22
black beans,feijão preto,Black beans are an essential ingredient in Brazilian and Portuguese cuisine.,O feijão preto é um ingrediente essencial na culinária brasileira e portuguesa.,2026-01-22
lentils,lenticchas,Lentils are an excellent source of protein and are very versatile in the kitchen.,As lentilhas são uma excelente fonte de proteína e são muito versáteis na cozinha.,2026-01-22
seasoning,temperos,Seasonings are essential to enhance the flavor of the dishes you cook.,Os temperos são essenciais para realçar o sabor dos pratos que cozinhas.,2026-01-22
delay,atraso,The delay in the flight caused many problems for passengers who had connections.,O atraso no voo causou muitos problemas para os passageiros que tinham conexões.,2026-01-22
Caveat,Advertência,It is important to have a caveat before making significant financial decisions.,É importante ter uma advertência antes de tomar decisões financeiras significativas.,2026-01-22
discard,descartar,It is important to properly discard waste to protect the environment.,É importante descartar corretamente os resíduos para proteger o meio ambiente.,2026-01-22
tradeoff,compensação,"Sometimes, it is necessary to make a tradeoff between quality and cost when choosing a product.","Às vezes, é necessário fazer uma compensação entre qualidade e custo ao escolher um produto.",2026-01-22
Honey,Mel,Honey is a natural sweetener that can be used in various recipes.,O mel é um adoçante natural que pode ser usado em várias receitas.,2026-01-22
cumin,cominho,"Cumin is a spice widely used in Portuguese cuisine, especially in meat dishes.","O cominho é uma especiaria muito utilizada na culinária portuguesa, especialmente em pratos de carne.",2026-01-22
toilet paper,papel higiénico,Don't forget to buy toilet paper before going home.,Não te esqueças de comprar papel higiénico antes de ir para casa.,2026-01-22
silent,calado,"He remained silent throughout the meeting, listening attentively to others' opinions.","Ele ficou calado durante toda a reunião, ouvindo atentamente as opiniões dos outros.",2026-01-22
be,ser,It is important to be honest with yourself and with others.,É importante ser honesto contigo mesmo e com os outros.,2026-01-22
away,longe,"He left and is now far from home, which worries me.","Ele foi embora e agora está longe de casa, o que me deixa preocupado.",2026-01-22
hard to get,difícil de conseguir,"Sometimes, it is hard to get what we really want in life.","Às vezes, é difícil de conseguir o que realmente queremos na vida.",2026-01-22
extractor hood,exaustor,The kitchen extractor hood is essential for removing smells and steam while cooking.,O exaustor da cozinha é essencial para remover cheiros e vapores durante o cozinhado.,2026-01-22
sync from Mac,sincronizar do Mac,"To sync your files from the Mac, just open the sync application.","Para sincronizar os teus ficheiros do Mac, basta abrir a aplicação de sincronização.",2026-01-22
mock,ensaio,This is only a test to validate the pipeline.,Isto é apenas um teste para validar o pipeline.,2026-01-22
Let's toast,Bora brindar,"Tonight, let's toast to friendship and the good times we've shared.","Hoje à noite, bora brindar à amizade e aos bons momentos que vivemos juntos.",2026-01-22
shooting,tiroteio,"Last night, there was a shooting in the downtown area that left several people injured.","Ontem à noite, houve um tiroteio na zona da baixa que deixou várias pessoas feridas.",2026-01-22
intervened,interveio,He decided it was time to intervene in the situation before it became more complicated.,Ele decidiu que era hora de intervir na situação antes que se tornasse mais complicada.,2026-01-22
Good afternoon,Boa tarde,"Today, when I arrived at work, I said to everyone: good afternoon and how are you?","Hoje, ao chegar ao trabalho, disse a todos: boa tarde e como estão?",2026-01-22
Nightmare,Pesadelo,"After having that nightmare, I couldn't fall back asleep during the night.","Depois de ter aquele pesadelo, não consegui voltar a adormecer durante a noite.",2026-01-22
Charge,Cobrar,It is important to know how and when to charge clients for the services provided.,É importante saber como e quando cobrar os clientes pelos serviços prestados.,2026-01-22
assassinated,assassinado,"The political leader was assassinated in broad daylight, shocking the entire nation.","O líder político foi assassinado em plena luz do dia, chocando toda a nação.",2026-01-22
Flyer,Panfleto,The flyer we distributed on the street had information about Saturday's event.,O panfleto que distribuímos na rua tinha informações sobre o evento de sábado.,2026-01-22
sideburns,patilhas,Sideburns are in fashion and many men choose to let them grow.,As patilhas estão na moda e muitos homens optam por deixá-las crescer.,2026-01-22
neat,organizado,I like to keep my workspace always neat to be more productive.,Gosto de manter o meu espaço de trabalho sempre organizado para ser mais produtivo.,2026-01-22
Strawberry,Fresa,I love eating fresh strawberries with yogurt for breakfast on hot summer days.,Adoro comer fresa fresca com iogurte ao pequeno-almoço nos dias quentes de verão.,2026-01-22
around,redor,"The house is located in a quiet place, with a beautiful garden around.","A casa está situada num lugar tranquilo, com um belo jardim ao redor.",2026-01-22
short,curto,"The movie we watched yesterday was very short, but still fun.","O filme que vimos ontem era muito curto, mas ainda assim divertido.",2026-01-22
shorter,mais curto,"That skirt is shorter than I expected, but it still looks good on you.","Aquela saia é mais curta do que eu esperava, mas ainda assim fica-te bem.",2026-01-22
trim the beard,aparar a barba,I decided to trim my beard because it was getting too long and unkempt.,Decidi aparar a barba porque já estava a ficar muito comprida e desleixada.,2026-01-22
tidy up,arrumar,"After dinner, it's important to tidy up the kitchen so it stays clean and organized.","Depois de jantar, é importante arrumar a cozinha para que fique limpa e organizada.",2026-01-22
Square neckline,Decote quadrado,The dress I bought has a square neckline that elegantly highlights the shoulders.,O vestido que comprei tem um decote quadrado que realça os ombros de forma elegante.,2026-01-22
markup,marcação,The markup of prices on products is essential to avoid confusion in the store.,A marcação dos preços nos produtos é essencial para evitar confusões na loja.,2026-01-22
anytime,qualquer altura,"You can come to my house anytime, I'm always available to welcome you.","Podes vir a minha casa a qualquer altura, estou sempre disponível para te receber.",2026-01-22
please,por favor,"When you ask for something, always remember to say 'please' to be polite.","Quando pedires algo, lembra-te sempre de dizer 'por favor' para seres educado.",2026-01-22
any time,qualquer altura,"You can come here any time, I'm always available to help you.","Podes vir aqui a qualquer altura, estou sempre disponível para te ajudar.",2026-01-22
assessment report,relatório de avaliação,The assessment report was delivered to all students last week.,O relatório de avaliação foi entregue a todos os alunos na semana passada.,2026-01-22
Achievement,Conquista,Achieving an important goal brings a sense of satisfaction and personal fulfillment.,A conquista de um objetivo importante traz uma sensação de satisfação e realização pessoal.,2026-01-22
toystore,loja de brinquedos,The toy store in the neighborhood always has the funniest new items for kids.,A loja de brinquedos do bairro tem sempre as novidades mais engraçadas para as crianças.,2026-01-22
X-ray photo,radiografia,The X-ray showed that there were no fractures in his leg bones.,A radiografia revelou que não havia fraturas nos ossos da perna dele.,2026-01-22
postman,carteiro,The postman brought the letters and delivered them to all the neighbors on the street.,O carteiro trouxe as cartas e entregou-as a todos os vizinhos da rua.,2026-01-22
meaning,sentido,The meaning of life is something that many people spend their entire lives searching for.,O sentido da vida é algo que muitas pessoas passam a vida inteira a procurar.,2026-01-22
thief,ladrão,The thief managed to escape before the police arrived at the crime scene.,O ladrão conseguiu escapar antes que a polícia chegasse ao local do crime.,2026-01-22
Hair,Cabelo,Your hair is growing very fast and looks so healthy now.,O teu cabelo está a crescer muito rápido e parece tão saudável agora.,2026-01-22
pampering,mimando,I was pampering my dog with a bath and lots of delicious treats.,Estava a mimar o meu cão com um banho e muitos petiscos deliciosos.,2026-01-22
finger,dedo,The finger is an important part of our hand for performing daily tasks.,O dedo é uma parte importante da nossa mão para realizar tarefas diárias.,2026-01-22
incense,incenso,I lit an incense to create a relaxing atmosphere while I read a book.,Acendi um incenso para criar uma atmosfera relaxante enquanto leio um livro.,2026-01-22
sunset,pôr do sol,The sunset at the beach is always a spectacle worth appreciating.,O pôr do sol na praia é sempre um espetáculo que vale a pena apreciar.,2026-01-22
Sunrise,Nascer do sol,The sunrise today was so beautiful that it looked like the colors of an impressionist painting.,O nascer do sol hoje foi tão bonito que pareciam cores de um quadro impressionista.,2026-01-22
Rent,Renda,"The rent for this apartment is quite high, but the location is excellent for working.","A renda deste apartamento é bastante alta, mas a localização é excelente para trabalhar.",2026-01-22
windmill,moinho,The windmill in the village is a popular tourist attraction during the summer.,O moinho na aldeia é uma atração turística popular durante o verão.,2026-01-22
Noise,Barulho,The noise from the street was distracting me while I was trying to focus on work.,O barulho da rua estava a distrair-me enquanto tentava concentrar-me no trabalho.,2026-01-22
crazy,surtada,She was so crazy that she couldn't stop laughing and dancing at the party.,Ela estava tão surtada que não conseguia parar de rir e dançar na festa.,2026-01-22
to take off,decolar,"The plane will take off in five minutes, so get ready for the trip.","O avião vai decolar em cinco minutos, então prepara-te para a viagem.",2026-01-22
Take off,Decolar,"The plane will take off in five minutes, so fasten your seatbelt.","O avião vai decolar em cinco minutos, por isso aperta o cinto de segurança.",2026-01-22
jealous,enciumando,He was feeling jealous because his girlfriend was talking to another guy.,Ele estava enciumando porque a namorada estava a falar com outro rapaz.,2026-01-22
gusts,rajadas,"Today, the gusts of wind are causing some problems on the roads and with the trees.","Hoje, as rajadas de vento estão a causar alguns problemas nas estradas e nas árvores.",2026-01-22
predicting,previsão,The weather forecast for tomorrow indicates that it will rain in the afternoon.,A previsão do tempo para amanhã indica que vai chover durante a tarde.,2026-01-22
candles,velas,Candles create a cozy atmosphere and are perfect for a romantic dinner.,As velas criam uma atmosfera acolhedora e são perfeitas para um jantar romântico.,2026-01-22
black table,mesa preta,The black table in the dining room goes well with the white chairs.,A mesa preta na sala de jantar combina bem com as cadeiras brancas.,2026-01-22
full moon,lua cheia,The full moon lights up the night and brings a unique beauty to the starry sky.,A lua cheia ilumina a noite e traz uma beleza única ao céu estrelado.,2026-01-22
suffering,sofrimento,"Suffering is an inevitable part of life, but we can learn from it.","O sofrimento é uma parte inevitável da vida, mas podemos aprender com ele.",2026-01-22
to break,romper,He decided to break with tradition and follow his own path in life.,Ele decidiu romper com a tradição e seguir o seu próprio caminho na vida.,2026-01-22
firing,demissão,"The manager's firing surprised the whole team, who did not expect this sudden change.","A demissão do gerente surpreendeu toda a equipa, que não esperava essa mudança repentina.",2026-01-22
just kidding,estou a brincar,"When I said I wasn't coming to the party, I was just kidding; of course I'm going to show up.","Quando disse que não vinha à festa, estava a brincar, claro que vou aparecer.",2026-01-22
take off,decolar,"The plane will take off in ten minutes, so get ready for the trip.","O avião vai decolar em dez minutos, por isso prepara-te para a viagem.",2026-01-22
pigeon,pombo,The pigeon landed gently on the window while I was having breakfast.,O pombo pousou suavemente na janela enquanto eu tomava café da manhã.,2026-01-22
Waxine lights,Velas de cera,Waxine lights are perfect for creating a cozy atmosphere at home.,As velas de cera são perfeitas para criar uma atmosfera acolhedora em casa.,2026-01-22
Black table,Mesa preta,The black table in the dining room goes well with the white chairs we chose.,A mesa preta na sala de jantar combina bem com as cadeiras brancas que escolhemos.,2026-01-22
keys,chaves,The house keys are always in the same drawer in the kitchen.,As chaves da casa estão sempre na mesma gaveta da cozinha.,2026-01-22
Access,Aceder,"To access the site, you need a stable internet connection.","Para aceder ao site, precisas de uma ligação à internet estável.",2026-01-22
Cookies,Bolachas,The cookies you made are delicious and disappeared in a few minutes.,As bolachas que fizeste estão deliciosas e desapareceram em poucos minutos.,2026-01-22
toothpicks,palitos de dentes,"After dinner, I used toothpicks to clean between my teeth.","Depois do jantar, usei palitos de dentes para limpar os dentes entre as refeições.",2026-01-22
friction,fricção,The friction between the two materials caused significant wear over time.,A fricção entre os dois materiais causou um desgaste significativo ao longo do tempo.,2026-01-22
Screen,Ecrã,The screen of my computer needs a thorough cleaning to see better.,O ecrã do meu computador está a precisar de uma limpeza urgente para ver melhor.,2026-01-22
spending,gasto,Your monthly spending on food is very high; you should try to save a bit more.,"O teu gasto mensal com comida é muito elevado, deves tentar poupar um pouco mais.",2026-01-22
I've got you under my skin,Estás na minha pele,"The truth is that since I met you, you feel under my skin in a unique way.","A verdade é que, desde que te conheci, sentes-te na minha pele de uma forma única.",2026-01-22
understanding,compreensão,Mutual understanding is essential for resolving conflicts and building healthy relationships.,A compreensão mútua é essencial para resolver conflitos e construir relacionamentos saudáveis.,2026-01-22
1991,1991,"In 1991, Portugal experienced significant moments in its recent history, such as joining the European Union.","Em 1991, Portugal viveu momentos marcantes na sua história recente, como a adesão à União Europeia.",2026-01-22
Seat,Assento,The bus seat was comfortable and allowed me to relax during the trip.,O assento do autocarro estava confortável e permitiu-me relaxar durante a viagem.,2026-01-22
job offer,oferta de emprego,I received a job offer that seems to be a great opportunity for my career.,Recebi uma oferta de emprego que parece ser uma ótima oportunidade para a minha carreira.,2026-01-22
office,escritório,The office where I work is very comfortable and has an amazing view of the city.,O escritório onde trabalho é muito confortável e tem uma vista incrível para a cidade.,2026-01-22
Flute,Flauta,The flute is a musical instrument that produces soft and melodic sounds.,A flauta é um instrumento musical que produz sons suaves e melodiosos.,2026-01-22
Stamps,Selos,Stamps are essential for sending letters and postcards by mail.,Os selos são essenciais para enviar cartas e postais pelo correio.,2026-01-22
relocation,realojamento,The relocation of families affected by the fire was a priority for the municipal council.,O realojamento das famílias afetadas pelo incêndio foi uma prioridade para a câmara municipal.,2026-01-22
request,peça,You can make a request to the manager for him to consider your suggestion.,Podes fazer uma peça ao gerente para que ele considere a tua sugestão.,2026-01-22
desk,secretária,The desk is full of papers and books that I need to organize today.,A secretária está cheia de papéis e livros que preciso organizar hoje.,2026-01-22
Duck,Pato,The duck was swimming peacefully in the lake while the younger ducks followed it.,O pato nadava tranquilamente no lago enquanto os patos mais novos o seguiam.,2026-01-22
part-time job,trabalho a tempo parcial,I was looking for a part-time job to supplement my monthly income.,Estava à procura de um trabalho a tempo parcial para complementar a minha renda mensal.,2026-01-22
job fair,feira de emprego,This year's job fair will have several companies looking for new talent.,A feira de emprego deste ano terá várias empresas à procura de novos talentos.,2026-01-22
stamps,selos,The stamps I bought at the store are very beautiful and have interesting designs.,Os selos que comprei na loja são muito bonitos e têm designs interessantes.,2026-01-22
work office,escritório de trabalho,The work office is always full of people discussing projects and collaborating as a team.,O escritório de trabalho está sempre cheio de pessoas a discutir projetos e a colaborar em equipa.,2026-01-22
lid,tampo,"The lid of the box was loose, so I had to tighten it so it wouldn't fall off.","O tampo da caixa estava solto, então tive de apertá-lo para que não caísse.",2026-01-22
piece,peça,I need a new piece for my car because the old one broke down.,"Preciso de uma peça nova para o meu carro, pois a antiga avariou.",2026-01-22
invitation,convite,I received an invitation to my friend's birthday party this weekend.,Recebi um convite para a festa de aniversário do meu amigo este fim de semana.,2026-01-22
excerpt,excerto,The excerpt from the book I read yesterday made me think about life and its choices.,O excerto do livro que li ontem deixou-me a pensar sobre a vida e as suas escolhas.,2026-01-22
need,precisar,"Sometimes, we need help to solve problems that seem impossible to overcome.","Às vezes, precisamos de ajuda para resolver problemas que parecem impossíveis de ultrapassar.",2026-01-22
Watchers,Observadores,The nature watchers noticed significant changes in animal behavior this year.,Os observadores da natureza notaram mudanças significativas no comportamento dos animais este ano.,2026-01-22
Cozy,Aconchegante,The living room was so cozy that I didn't want to leave it all night.,A sala estava tão aconchegante que não queria sair de lá durante a noite.,2026-01-22
refusal,recuso,The refusal to accept the proposal left everyone surprised by his decision.,O recuso de aceitar a proposta deixou todos surpresos com a sua decisão.,2026-01-22
take in,absorver,It is important to take in new information to stay updated in your job.,É importante absorver novas informações para te manteres atualizado no teu trabalho.,2026-01-22
Mortgage,Hipoteca,"When you decide to buy a house, it's important to understand how the mortgage works.","Quando decidires comprar uma casa, é importante entender como funciona a hipoteca.",2026-01-22
steering wheel,volante,"The car's steering wheel was dirty, so I decided to clean it before driving.","O volante do carro estava sujo, então decidi limpá-lo antes de conduzir.",2026-01-22
Gloves,Luvas,"In winter, it's important to wear gloves to keep your hands warm while walking on the street.","No inverno, é importante usar luvas para manter as mãos quentes enquanto andas na rua.",2026-01-22
alluding,aludindo,He was alluding to a past event that we all know well.,Ele estava aludindo a um evento passado que todos conhecemos bem.,2026-01-22
gifts,prendas,"At Christmas, we usually exchange gifts among friends and family to celebrate the festive season.","No Natal, costumamos trocar prendas entre amigos e familiares para celebrar a época festiva.",2026-01-22
vacuum cleaner,aspirador,The vacuum cleaner is essential for keeping the house clean and free of dust and dirt.,O aspirador é essencial para manter a casa limpa e livre de pó e sujidade.,2026-01-22
Timeless,Intemporal,The song you heard yesterday is timeless and continues to touch my heart.,A música que ouviste ontem é intemporal e continua a tocar no meu coração.,2026-01-22
to relax,folgar,"After a tiring week, it's nice to relax and enjoy the weekend with friends.","Depois de uma semana cansativa, é bom folgar e aproveitar o fim de semana com amigos.",2026-01-22
Gifts,Prendas,Christmas gifts are always a pleasant surprise for all family members.,As prendas de Natal são sempre uma surpresa agradável para todos os membros da família.,2026-01-22
locks,fechaduras,The locks on the house doors are very old and need to be replaced.,As fechaduras das portas da casa são muito antigas e precisam de ser substituídas.,2026-01-22
chest,peito,He lifted his shirt and showed his chest full of tattoos.,Ele levantou a camisa e mostrou o peito cheio de tatuagens.,2026-01-22
biceps,bíceps,Doing exercises for the biceps is important for having strength in the arms.,Fazer exercícios para os bíceps é importante para ter força nos braços.,2026-01-22
surrounded,rodeado,I feel surrounded by friends who support me in all difficult moments.,Sinto-me rodeado de amigos que me apoiam em todos os momentos difíceis.,2026-01-22
besides,além disso,"Besides, we need to consider other options before making a final decision.","Além disso, precisamos considerar outras opções antes de tomar uma decisão final.",2026-01-22
put away,guardar,"After using the dishes, it's important to put them away properly in the cupboard.","Depois de usar os pratos, é importante guardá-los corretamente no armário.",2026-01-22
to roll,enrolar,He decided to roll up the towel before leaving the pool to avoid getting it wet.,Ele decidiu enrolar a toalha antes de sair da piscina para não a molhar.,2026-01-22
pointed,apontado,His finger was pointed in the right direction during the discussion.,O dedo dele estava apontado para a direção certa durante a discussão.,2026-01-22
chewing gum,goma de mascar,I bought a pack of chewing gum to freshen my breath after lunch.,Comprei uma embalagem de goma de mascar para refrescar o hálito depois do almoço.,2026-01-22
dry run,ensaio,We did a dry run to ensure everything goes well on the day of the presentation.,Fizemos um ensaio para garantir que tudo corre bem no dia da apresentação.,2026-01-22
stairs,escadas,The stairs in the building are very steep and can be dangerous for some people.,As escadas do prédio são muito íngremes e podem ser perigosas para algumas pessoas.,2026-01-22
statue,estátua,The statue in the park is a tribute to the city's heroes.,A estátua no parque é uma homenagem aos heróis da cidade.,2026-01-22
soaking wet,encharcado,"After the heavy rain, I got home completely soaking wet and in need of a towel.","Depois da chuva intensa, cheguei a casa completamente encharcado e a precisar de uma toalha.",2026-01-22
lobby,lobby,"The lobby is an important part of the political process, where decisions and policies are influenced.","O lobby é uma parte importante do processo político, onde se influenciam decisões e políticas.",2026-01-22
scam,golpe,"Be careful with emails that seem legitimate, many are scams to steal personal information.","Cuidado com os e-mails que parecem legítimos, muitos são golpes para roubar informações pessoais.",2026-01-22
fraud,fraude,Financial fraud can have serious consequences for victims and for society.,A fraude financeira pode ter consequências graves para as vítimas e para a sociedade.,2026-01-22
under construction,em construção,The new shopping center is under construction and is expected to open next year.,O novo centro comercial está em construção e deve abrir no próximo ano.,2026-01-22
refugee,refugiado,The refugee found shelter in an organization that helps people in crisis situations.,O refugiado encontrou abrigo numa organização que ajuda pessoas em situações de crise.,2026-01-22
axe,machado,The axe is an essential tool for chopping wood and making fire.,O machado é uma ferramenta essencial para cortar madeira e fazer fogo.,2026-01-22
stoned,chapado,"After smoking a bit, he got completely stoned and couldn't stop laughing.","Depois de fumar um pouco, ele ficou completamente chapado e não conseguia parar de rir.",2026-01-22
Dawn,Amanhecer,Dawn is always a magical moment when the light begins to illuminate the sky.,"O amanhecer é sempre um momento mágico, quando a luz começa a iluminar o céu.",2026-01-22
Harvest,Colheita,"The grape harvest this year was exceptional, with a quality above average.","A colheita das uvas este ano foi excepcional, com uma qualidade superior à média.",2026-01-22
Wind,Vento,"The wind was blowing hard, making the trees sway and the leaves fall.","O vento soprava forte, fazendo as árvores balançarem e as folhas caírem.",2026-01-22
waisted,com cintura,The blouse I bought is very pretty and has a waisted cut that flatters the body.,A blusa que comprei é muito bonita e tem um corte com cintura que valoriza o corpo.,2026-01-22
drunk,bêbado,"After a few beers, he got completely drunk and started telling funny stories.","Depois de algumas cervejas, ele ficou completamente bêbado e começou a contar histórias engraçadas.",2026-01-22
mess up,estragar,"If you don't pay attention, you might mess up everything you planned for the weekend.","Se não prestares atenção, podes estragar tudo o que planeaste para o fim de semana.",2026-01-22
what,o que,"I don't understand what you're trying to say, can you explain better?","Não percebo o que estás a tentar dizer, podes explicar melhor?",2026-01-22
to mess up,trapalhar,"I don't want to mess up your work, but I need help with this task.","Não quero trapalhar o teu trabalho, mas preciso de ajuda com esta tarefa.",2026-01-22
tools,ferramentas,The right tools can make all the difference when it comes to completing a project.,As ferramentas certas podem fazer toda a diferença na hora de realizar um projeto.,2026-01-22
Scene,Cena,The scene in the movie was so thrilling that everyone was silent watching.,A cena do filme foi tão emocionante que todos ficaram em silêncio a assistir.,2026-01-22
Heartbroken,Coração partido,"After everything that happened, I feel heartbroken and don't know what to do.","Depois de tudo o que aconteceu, sinto-me com o coração partido e sem saber o que fazer.",2026-01-22
Limbo,Limbo,"He was in an emotional limbo, not knowing what to do with his life.","Ele estava num limbo emocional, sem saber o que fazer com a sua vida.",2026-01-22
Ingesting,Ingerindo,Ingesting healthy foods is essential for maintaining good health and energy throughout the day.,Ingerindo alimentos saudáveis é fundamental para manter uma boa saúde e energia ao longo do dia.,2026-01-22
Highlights,Destaques,The highlights of the meeting were discussed with all team members.,Os destaques da reunião foram discutidos com todos os membros da equipa.,2026-01-22
fell ill,adoeceu,He fell ill suddenly and had to miss work for a week.,Ele adoeceu de repente e teve de faltar ao trabalho durante uma semana.,2026-01-22
tight,apertado,The dress I bought is so tight that I can hardly breathe.,O vestido que comprei está tão apertado que mal consigo respirar.,2026-01-22
It's snowing,Está a nevar,"Today, it's snowing and the streets are covered with a white blanket.","Hoje, está a nevar e as ruas estão cobertas de um manto branco.",2026-01-22
Vigor,Vigor,It is important to maintain vigor and energy throughout the day to be productive.,É importante manter o vigor e a energia ao longo do dia para ser produtivo.,2026-01-22
clouds,nuvens,The clouds in the sky were so beautiful they looked hand-painted.,As nuvens no céu estavam tão bonitas que pareciam pintadas à mão.,2026-01-22
to see a label,ver rótulo,"Before buying, it's important to see the label to know the ingredients.","Antes de comprar, é importante ver o rótulo para saber os ingredientes.",2026-01-22
Side of the box,Lateral da caixa,The side of the box is damaged and we need a new one to replace it.,A lateral da caixa está danificada e precisamos de uma nova para substituir.,2026-01-22
Scratch my back,Coçar as minhas costas,"Sometimes, I need someone to help me scratch my back when I can't reach.","Às vezes, preciso de alguém para me ajudar a coçar as minhas costas quando não consigo alcançar.",2026-01-22
glazier,vidraceira,The glazier installed the new windows in the house in just one day.,A vidraceira instalou as novas janelas na casa em apenas um dia.,2026-01-22
Charging cable,Cabo de carregamento,The charging cable for my phone broke and I need a new one.,O cabo de carregamento do meu telemóvel avariou e preciso de um novo.,2026-01-22
to burn,queimar,"Be careful with the candle, don't let it burn unattended.","Cuidado com a vela, não a deixes queimar sem supervisão.",2026-01-22
Survey,Sondagem,The survey revealed that most people prefer to work remotely.,A sondagem revelou que a maioria das pessoas prefere trabalhar remotamente.,2026-01-22
Pepper mill,Moedor de pimenta,The pepper mill is essential to enhance the flavor of the dishes you cook.,O moedor de pimenta é essencial para realçar o sabor dos pratos que cozinhas.,2026-01-22
to dare,atrever-se,You need to dare to step out of your comfort zone to grow in life.,É preciso atrever-se a sair da zona de conforto para crescer na vida.,2026-01-22
oat milk,leite de aveia,Oat milk is a popular alternative to cow's milk among vegans.,O leite de aveia é uma alternativa popular ao leite de vaca entre os vegans.,2026-01-22
